X ; Y ; Vx ; Vy ;
0.808858 ; 0.429552 ; -0.111233 ; 0.187156 ;
-nan(ind) ; -nan(ind) ; -nan(ind) ; -nan(ind) ;
0.222753 ; 0.501790 ; -0.207550 ; 0.065751 ;
