X ; Y ; Vx ; Vy ;
0.808969 ; 0.429365 ; -0.111233 ; 0.187156 ;
0.069330 ; 0.328501 ; 0.135286 ; 0.170581 ;
0.222961 ; 0.501724 ; -0.207550 ; 0.065751 ;
